{"loss": [1.9809476137161255, 1.742626667022705, 1.6646960973739624, 1.6027418375015259, 1.5498676300048828, 1.4984922409057617, 1.4359357357025146, 1.3887879848480225, 1.3535937070846558, 1.3142677545547485, 1.2908854484558105, 1.2631515264511108, 1.2407140731811523, 1.2185178995132446, 1.2030259370803833, 1.1854203939437866, 1.175868034362793, 1.1541616916656494, 1.1375881433486938, 1.1251550912857056, 1.1044890880584717, 1.080852746963501, 1.0757434368133545, 1.0747532844543457, 1.0690351724624634, 1.0686492919921875, 1.06104576587677, 1.0615456104278564, 1.05692720413208, 1.0523334741592407, 1.0497312545776367, 1.0527174472808838, 1.050409197807312, 1.0493924617767334, 1.0406304597854614, 1.0410432815551758, 1.0367292165756226, 1.0384725332260132, 1.0370924472808838, 1.034449815750122, 1.0291141271591187, 1.0302029848098755, 1.0275219678878784, 1.026229977607727, 1.0269968509674072, 1.0240397453308105, 1.026556372642517, 1.0191017389297485, 1.0271681547164917, 1.0271930694580078, 1.0254429578781128, 1.022294044494629, 1.0254366397857666, 1.0275661945343018, 1.0260635614395142, 1.0243953466415405, 1.016930341720581, 1.0263289213180542, 1.0263668298721313, 1.0270507335662842], "accuracy": [0.2279227077960968, 0.29215213656425476, 0.33763688802719116, 0.3718554377555847, 0.39344319701194763, 0.41769006848335266, 0.4440012574195862, 0.46331480145454407, 0.4823834002017975, 0.5024666786193848, 0.508694589138031, 0.520135760307312, 0.5304573178291321, 0.539799153804779, 0.5491060614585876, 0.5578880906105042, 0.5607221722602844, 0.5678247809410095, 0.5771316885948181, 0.5818900465965271, 0.5876813530921936, 0.6017284393310547, 0.6003638505935669, 0.6023232340812683, 0.6026381254196167, 0.6041076183319092, 0.6077814102172852, 0.6065918207168579, 0.6103705167770386, 0.6115251183509827, 0.6107203960418701, 0.6099506616592407, 0.6110702753067017, 0.6151989102363586, 0.615968644618988, 0.6150939464569092, 0.6186627745628357, 0.6160736083984375, 0.6188377141952515, 0.6184878349304199, 0.6183733344078064, 0.621216893196106, 0.6232811808586121, 0.6221965551376343, 0.6241208910942078, 0.6249606609344482, 0.6217067241668701, 0.623945951461792, 0.6227563619613647, 0.623491108417511, 0.6229313015937805, 0.6215667724609375, 0.6204821467399597, 0.6206920742988586, 0.6216017603874207, 0.6246107816696167, 0.6272348761558533, 0.6220915913581848, 0.6223365068435669, 0.6225464344024658], "val_loss": [1.7879831790924072, 1.7080929279327393, 1.5583492517471313, 1.4945486783981323, 1.4450044631958008, 1.4066685438156128, 1.3342580795288086, 1.36533522605896, 1.2785017490386963, 1.2840567827224731, 1.2749500274658203, 1.208710789680481, 1.1575289964675903, 1.1460464000701904, 1.121995210647583, 1.1191871166229248, 1.0907446146011353, 1.134596824645996, 1.091350793838501, 1.0804327726364136, 1.0293982028961182, 1.0243940353393555, 1.0202687978744507, 1.0224276781082153, 1.0142234563827515, 1.0191742181777954, 1.0173174142837524, 1.0124471187591553, 1.0131851434707642, 1.0129228830337524, 1.0153672695159912, 1.0068494081497192, 1.0113065242767334, 1.0025742053985596, 1.0056874752044678, 0.9992727041244507, 0.9995139837265015, 0.9986438751220703, 1.0057278871536255, 1.0025769472122192, 0.9921687841415405, 0.991500973701477, 0.9917834997177124, 0.9921843409538269, 0.992000937461853, 0.9922264218330383, 0.9922217130661011, 0.991729199886322, 0.9918269515037537, 0.9910176396369934, 0.9906036257743835, 0.990081250667572, 0.9907446503639221, 0.9905408620834351, 0.9913982152938843, 0.9896898865699768, 0.9903547167778015, 0.9895021319389343, 0.9902349710464478, 0.9891646504402161], "val_accuracy": [0.2474888414144516, 0.29296875, 0.3998325765132904, 0.4135044515132904, 0.4308035671710968, 0.4481026828289032, 0.4807477593421936, 0.4642857015132904, 0.5027901530265808, 0.5072544813156128, 0.5125557780265808, 0.5315290093421936, 0.5485491156578064, 0.5633370280265808, 0.576171875, 0.5661272406578064, 0.5784040093421936, 0.57421875, 0.5892857313156128, 0.5904017686843872, 0.6102120280265808, 0.6127232313156128, 0.6199776530265808, 0.6222098469734192, 0.623046875, 0.6160714030265808, 0.6183035969734192, 0.6222098469734192, 0.6241629719734192, 0.6233258843421936, 0.6224888563156128, 0.6238839030265808, 0.6280692219734192, 0.6280692219734192, 0.6291852593421936, 0.6325334906578064, 0.6294642686843872, 0.630859375, 0.6252790093421936, 0.6266741156578064, 0.6314173936843872, 0.6344866156578064, 0.6330915093421936, 0.6319754719734192, 0.6322544813156128, 0.6314173936843872, 0.6316964030265808, 0.6319754719734192, 0.6314173936843872, 0.6314173936843872, 0.6316964030265808, 0.6314173936843872, 0.6311383843421936, 0.6316964030265808, 0.6325334906578064, 0.6328125, 0.6330915093421936, 0.6316964030265808, 0.6316964030265808, 0.6316964030265808]}