{"val_loss": [1.6200777632849557, 1.487373328904684, 1.3917020426014193, 1.3164524361426622, 1.2482644069129352, 1.204934060039702, 1.217464243769818, 1.1576687223613005, 1.1361487566546462, 1.1647687763604289, 1.0887666658596027, 1.0883100466451283, 1.0928128203433636, 1.0569947894960772, 1.0406875106097302, 1.0325538206913332, 1.063803867913505, 1.0493791082352444, 1.004790511650696, 0.986303781229993, 0.9940399421112878, 1.0146603536757386, 0.9722978736719827, 0.9922753365802407, 0.978143465687725, 0.9601189888339965, 0.9816866055350536, 0.970174921072139, 0.9687430205217024, 0.9768168103381479, 0.9578480051280928, 0.9595450701929867, 0.9817927217455965, 0.9604668695091064, 0.9778137189120579, 0.971108351922111, 0.980849772235349, 0.9377137417395106, 0.9575934418706115, 0.9528421429119094, 0.9145554304122925, 0.9049811363220215, 0.9073838591575623, 0.905931293964386, 0.9041708707809448, 0.9035574793815613, 0.902506411075592, 0.9038792252540588, 0.9108676910400391, 0.9048053026199341, 0.9031628370285034, 0.9065366387367249, 0.902762234210968, 0.9013575911521912, 0.9067099690437317, 0.9031581878662109, 0.9051576852798462, 0.9038783311843872, 0.9019960761070251, 0.9018877148628235, 0.8994388580322266, 0.8957215547561646, 0.8964691162109375, 0.8995085954666138, 0.8968735337257385, 0.8984172940254211, 0.8965286612510681, 0.8977119326591492, 0.8983373045921326, 0.8954864740371704, 0.8959478139877319, 0.8939499855041504, 0.8954147100448608, 0.8955597281455994, 0.8964949250221252], "val_acc": [0.337890625, 0.4050852354896857, 0.4406240970903792, 0.4750072233544647, 0.5082346143077751, 0.5296157180091887, 0.5212366368446141, 0.5452181450792284, 0.553886160077955, 0.5602427044292986, 0.5694885871221619, 0.5781566021467213, 0.5775787344741119, 0.5934700953567762, 0.6044495810545514, 0.6030049118837915, 0.5894250217044812, 0.6004045073721183, 0.6180294712855271, 0.6243860156368707, 0.6163504464285714, 0.6243860156368707, 0.6261196186417826, 0.6258306848076305, 0.6292978908174542, 0.6428777810225973, 0.6316093614906702, 0.6327650968014453, 0.633920832163886, 0.6269864201442384, 0.6373880381737097, 0.6304536261540622, 0.6353655013346459, 0.6370991043395577, 0.633342964495582, 0.6405663103493815, 0.6394105750127735, 0.6440335163592052, 0.6420109795201414, 0.6521236637154606], "loss": [2.2548126370779107, 1.7587258601129432, 1.571864344967675, 1.4544370718422082, 1.3868950563850015, 1.3372001730450171, 1.2981000224169488, 1.2680327404138068, 1.240135717815734, 1.2132285264193947, 1.1979610963121496, 1.1777638017303327, 1.1562540335416802, 1.1391952704367263, 1.1277674246833704, 1.1090699973831626, 1.0986233211365313, 1.0847311124254075, 1.0730349771275172, 1.0613038921317828, 1.0463690632688147, 1.0405558850257126, 1.0325882916941669, 1.021410152420888, 1.0122839091252147, 1.0095686616713562, 0.9972091212611657, 0.9858915904917896, 0.9864254885584732, 0.9839462694417379, 0.9684062322935937, 0.9763219708083521, 0.9624179250080946, 0.9539027795769603, 0.9503995485254233, 0.9416111597157789, 0.940412891907537, 0.9267958007313123, 0.9271101510252389, 0.9173304685426515, 0.8632637858390808, 0.8448773622512817, 0.8399222493171692, 0.8363873362541199, 0.8347759246826172, 0.8318588137626648, 0.831785261631012, 0.8167057633399963, 0.8201820254325867, 0.8146932125091553, 0.8192586898803711, 0.8164278864860535, 0.81500643491745, 0.8190235495567322, 0.8132104873657227, 0.8043779134750366, 0.8043015599250793, 0.7994638085365295, 0.8073833584785461, 0.8074791431427002, 0.7997308373451233, 0.7938162684440613, 0.794129490852356, 0.7970491647720337, 0.7972688674926758, 0.7961840629577637, 0.7937441468238831, 0.793550968170166, 0.795358419418335, 0.7957307696342468, 0.7993921637535095, 0.7918742895126343, 0.7909289002418518, 0.7925878167152405, 0.8063219785690308], "acc": [0.22066824776785715, 0.2969105349614002, 0.3673069521522535, 0.4205941009657457, 0.45498757916306654, 0.4790595150311721, 0.4922850844893945, 0.5086945873028227, 0.5192960358206985, 0.5329414645718176, 0.5387145306364092, 0.5545292327320687, 0.5549490920228799, 0.567964731819013, 0.5733529267382502, 0.5789160630875733, 0.5888877226170955, 0.5917567614682189, 0.5985794758588979, 0.6029180224875006, 0.6074916294642857, 0.6130296350910199, 0.6124698225864857, 0.6201672439711835, 0.621846681380513, 0.6252405444009363, 0.6277946887834299, 0.6340925789756123, 0.6359119694881353, 0.6383611490338491, 0.642979601852155, 0.6388859731906364, 0.6459885938189844, 0.6488926209490343, 0.6519016129367184, 0.6562051712655399, 0.6527413316518105, 0.6628529442824408, 0.6583744445944395, 0.6649522410326326], "accuracy": [0.22607421875, 0.2184012234210968, 0.2353864461183548, 0.2312709242105484, 0.2236676961183548, 0.25, 0.33130401372909546, 0.3975718021392822, 0.4465204179286957, 0.4731464982032776, 0.49508413672447205, 0.5092543959617615, 0.5268185138702393, 0.5416185855865479, 0.5486512184143066, 0.560617208480835, 0.5737028121948242, 0.5742976069450378, 0.5853539109230042, 0.5906021595001221, 0.594940721988678, 0.6028130650520325, 0.6082712411880493, 0.6110002994537354, 0.6194674968719482, 0.6177180409431458, 0.6249956488609314, 0.62786465883255, 0.6350022554397583, 0.6366117596626282, 0.6378013491630554, 0.64434415102005, 0.6465483903884888, 0.648927628993988, 0.6528112888336182, 0.6532661318778992, 0.6587592959403992, 0.6612085103988647, 0.6625730395317078, 0.666071891784668, 0.6847795844078064, 0.6902487874031067, 0.69416743516922, 0.6951470971107483, 0.6940974593162537, 0.6988558769226074, 0.6995556354522705, 0.7038592100143433, 0.7036142945289612, 0.7044190168380737, 0.7036492824554443, 0.7059584856033325, 0.7064133286476135, 0.7028795480728149, 0.7076029777526855, 0.7060284614562988, 0.7094223499298096, 0.7102270722389221, 0.7094223499298096, 0.7080228328704834, 0.7128557562828064, 0.7134110331535339, 0.7137609124183655, 0.7104020118713379, 0.7130961418151855, 0.7128511667251587, 0.7133410573005676, 0.7148455381393433, 0.7155103087425232, 0.7118015289306641, 0.710891842842102, 0.7144606709480286, 0.7137259244918823, 0.7155103087425232, 0.7104719877243042], "val_accuracy": [0.2444196492433548, 0.2276785671710968, 0.2703683078289032, 0.2463727742433548, 0.2686941921710968, 0.3842075765132904, 0.4313616156578064, 0.4734933078289032, 0.5002790093421936, 0.5203682780265808, 0.5438057780265808, 0.5502232313156128, 0.5647321343421936, 0.5828682780265808, 0.58984375, 0.5906807780265808, 0.5926339030265808, 0.5931919813156128, 0.6082589030265808, 0.6010044813156128, 0.6171875, 0.625, 0.6208147406578064, 0.6224888563156128, 0.6297432780265808, 0.6339285969734192, 0.6325334906578064, 0.6297432780265808, 0.6512276530265808, 0.6375557780265808, 0.6484375, 0.6356026530265808, 0.64453125, 0.6422991156578064, 0.6459263563156128, 0.6529017686843872, 0.646484375, 0.6495535969734192, 0.6484375, 0.6517857313156128, 0.6587611436843872, 0.662109375, 0.6632254719734192, 0.6648995280265808, 0.66796875, 0.6676897406578064, 0.6682477593421936, 0.6713169813156128, 0.6640625, 0.6688057780265808, 0.6727120280265808, 0.6674107313156128, 0.6710379719734192, 0.6724330186843872, 0.6682477593421936, 0.6741071343421936, 0.6707589030265808, 0.6735491156578064, 0.6735491156578064, 0.6749442219734192, 0.6729910969734192, 0.6729910969734192, 0.6727120280265808, 0.6746651530265808, 0.6755022406578064, 0.6741071343421936, 0.6743861436843872, 0.6752232313156128, 0.6735491156578064, 0.673828125, 0.67578125, 0.6768973469734192, 0.6746651530265808, 0.67578125, 0.6760602593421936]}