{"loss": [2.2798142433166504, 1.7680307626724243, 1.5644516944885254, 1.4676368236541748, 1.3999030590057373, 1.3457592725753784, 1.3053698539733887, 1.2763053178787231, 1.2492389678955078, 1.225091814994812, 1.1995675563812256, 1.1839699745178223, 1.179170846939087, 1.1604595184326172, 1.1371196508407593, 1.128000020980835, 1.1186673641204834, 1.1060442924499512, 1.088363766670227, 1.0816397666931152, 1.0756434202194214, 1.0617940425872803, 1.0608476400375366, 1.04180109500885, 1.0391510725021362, 1.031305193901062, 1.0169724225997925, 1.019716501235962, 1.0038255453109741, 0.9984460473060608, 0.9939704537391663, 0.9907535910606384, 0.9830143451690674, 0.9730932712554932, 0.960403323173523, 0.9611753225326538, 0.9543511867523193, 0.9413158893585205, 0.942100465297699, 0.9371311664581299, 0.9095572829246521, 0.8915849924087524, 0.8865792751312256, 0.8764599561691284, 0.8756325840950012, 0.8703919053077698, 0.8662256002426147, 0.8636883497238159, 0.8620451092720032, 0.8520489931106567, 0.8529029488563538, 0.8513594269752502, 0.8580400347709656, 0.8501822352409363, 0.8420400619506836, 0.8482962250709534, 0.8438708186149597, 0.8356665372848511, 0.8433589935302734, 0.8401822447776794, 0.8328700065612793, 0.8300625681877136, 0.8327006101608276, 0.8323456048965454, 0.828968346118927, 0.8258097767829895, 0.8324940800666809, 0.8261716961860657, 0.8339540958404541, 0.830905556678772, 0.8319361805915833, 0.820271909236908, 0.8297985792160034, 0.8271522521972656, 0.824454665184021], "accuracy": [0.2197265625, 0.3200377821922302, 0.39372310042381287, 0.43455442786216736, 0.46195024251937866, 0.48392289876937866, 0.5008222460746765, 0.5175465941429138, 0.5283229947090149, 0.5392393469810486, 0.5524998903274536, 0.5595675706863403, 0.5597425103187561, 0.5699940323829651, 0.5770617127418518, 0.5823798775672913, 0.5878380537033081, 0.5926664471626282, 0.5991392731666565, 0.6009237170219421, 0.6072565913200378, 0.6074665188789368, 0.6100556254386902, 0.615058958530426, 0.6194325089454651, 0.6217767000198364, 0.6259403228759766, 0.6269199848175049, 0.6355620622634888, 0.6385710835456848, 0.6409152746200562, 0.6360169053077698, 0.6416850090026855, 0.6483328342437744, 0.6489626169204712, 0.649382472038269, 0.6540709137916565, 0.6602638363838196, 0.6595640182495117, 0.660123884677887, 0.6728864312171936, 0.6785627007484436, 0.6804170608520508, 0.6817815899848938, 0.6842657923698425, 0.6883943676948547, 0.6883943676948547, 0.6897239685058594, 0.6885343194007874, 0.6933277249336243, 0.6927329301834106, 0.6942024230957031, 0.6936426162719727, 0.6958469152450562, 0.699450671672821, 0.696266770362854, 0.6975263357162476, 0.7043840289115906, 0.698086142539978, 0.6990308165550232, 0.7017996907234192, 0.7050837874412537, 0.7007452249526978, 0.7021098136901855, 0.7029845118522644, 0.7057485580444336, 0.7030194997787476, 0.7034043669700623, 0.7039641737937927, 0.7016199827194214, 0.7007802128791809, 0.7059584856033325, 0.7023197412490845, 0.7028795480728149, 0.7052587270736694], "val_loss": [2.045377254486084, 1.660290002822876, 1.4159142971038818, 1.3246980905532837, 1.2672370672225952, 1.2510708570480347, 1.2768348455429077, 1.1571038961410522, 1.1530452966690063, 1.1903265714645386, 1.1001397371292114, 1.1777867078781128, 1.1777673959732056, 1.1259018182754517, 1.1083769798278809, 1.072576642036438, 1.0803707838058472, 1.08704674243927, 1.0342546701431274, 1.0752735137939453, 1.0248295068740845, 1.0361449718475342, 1.047394871711731, 0.9890589118003845, 0.9870680570602417, 1.0208054780960083, 0.9853483438491821, 0.9781250357627869, 1.0442780256271362, 0.9563817381858826, 0.9765589833259583, 0.9866394400596619, 0.9899824261665344, 0.9759023785591125, 0.9743200540542603, 1.0065253973007202, 0.9962645769119263, 0.9733229875564575, 1.0331456661224365, 0.9540591239929199, 0.9084188342094421, 0.9123857617378235, 0.9074775576591492, 0.9121652841567993, 0.9096565842628479, 0.9110861420631409, 0.9126442074775696, 0.9124061465263367, 0.9111999273300171, 0.9050424695014954, 0.9031562805175781, 0.9114484786987305, 0.9165722131729126, 0.9077829122543335, 0.9079647660255432, 0.9055772423744202, 0.9035598039627075, 0.9058937430381775, 0.9038901925086975, 0.9105958938598633, 0.9044036269187927, 0.9042617678642273, 0.9035634398460388, 0.9031806588172913, 0.902989387512207, 0.9030925035476685, 0.9024292826652527, 0.9022760391235352, 0.9027735590934753, 0.9031558632850647, 0.9033140540122986, 0.9027577042579651, 0.9029055237770081, 0.9030523896217346, 0.9033843874931335], "val_accuracy": [0.1743861585855484, 0.3543526828289032, 0.4522879421710968, 0.49609375, 0.5122767686843872, 0.5231584906578064, 0.4977678656578064, 0.5530133843421936, 0.5588727593421936, 0.5345982313156128, 0.5803571343421936, 0.5474330186843872, 0.5493861436843872, 0.568359375, 0.5764508843421936, 0.5870535969734192, 0.5912388563156128, 0.5856584906578064, 0.6107701063156128, 0.5968192219734192, 0.6099330186843872, 0.6082589030265808, 0.6029576063156128, 0.630859375, 0.6252790093421936, 0.6155133843421936, 0.6266741156578064, 0.634765625, 0.6149553656578064, 0.6422991156578064, 0.6400669813156128, 0.6305803656578064, 0.6263951063156128, 0.638671875, 0.6322544813156128, 0.6297432780265808, 0.6305803656578064, 0.6389508843421936, 0.6216517686843872, 0.6478794813156128, 0.6674107313156128, 0.6654576063156128, 0.6671317219734192, 0.66796875, 0.6696428656578064, 0.6710379719734192, 0.6651785969734192, 0.6671317219734192, 0.6665736436843872, 0.6685267686843872, 0.673828125, 0.6676897406578064, 0.6632254719734192, 0.6685267686843872, 0.6707589030265808, 0.669921875, 0.6724330186843872, 0.6702008843421936, 0.6721540093421936, 0.6715959906578064, 0.6729910969734192, 0.6741071343421936, 0.6741071343421936, 0.6755022406578064, 0.6752232313156128, 0.6752232313156128, 0.6746651530265808, 0.673828125, 0.6732701063156128, 0.6732701063156128, 0.6743861436843872, 0.6746651530265808, 0.6741071343421936, 0.6741071343421936, 0.6746651530265808]}