{"loss": [2.2714293003082275, 1.7834703922271729, 1.5544999837875366, 1.4322718381881714, 1.3543250560760498, 1.2997976541519165, 1.2547796964645386, 1.2186906337738037, 1.1851507425308228, 1.1662800312042236, 1.1420871019363403, 1.1186846494674683, 1.0961281061172485, 1.077260971069336, 1.0608824491500854, 1.0453267097473145, 1.0273054838180542, 1.0137939453125, 0.9990043640136719, 0.9942066669464111, 0.9696825742721558, 0.9617603421211243, 0.9427496194839478, 0.9284073114395142, 0.9108054041862488, 0.9130353927612305, 0.8967137336730957, 0.8898969888687134, 0.8751771450042725, 0.8762427568435669, 0.8281372785568237, 0.7995781898498535, 0.7890015840530396, 0.7853567004203796, 0.7695306539535522, 0.7650647759437561, 0.7614147663116455, 0.754185676574707, 0.7521036863327026, 0.7436395883560181, 0.7371702790260315, 0.7333916425704956, 0.7252078056335449, 0.7255091667175293, 0.7111496329307556], "accuracy": [0.2107282429933548, 0.3213323652744293, 0.3999510109424591, 0.4493194818496704, 0.4816136658191681, 0.5057905316352844, 0.5280780792236328, 0.5410937070846558, 0.5565935373306274, 0.5669150948524475, 0.5774115920066833, 0.5847941040992737, 0.5956404805183411, 0.6016584634780884, 0.6108603477478027, 0.615268886089325, 0.6223365068435669, 0.6287393569946289, 0.6349672675132751, 0.6375564336776733, 0.646828293800354, 0.6534060835838318, 0.6570798754692078, 0.6651621460914612, 0.6714250445365906, 0.6663517951965332, 0.6750638484954834, 0.6808719038963318, 0.6836360096931458, 0.6872747540473938, 0.7046247124671936, 0.7164199948310852, 0.7173996567726135, 0.7196739315986633, 0.726216733455658, 0.7281060814857483, 0.7325146198272705, 0.7340191006660461, 0.7309051752090454, 0.7355935573577881, 0.7404219508171082, 0.7396522164344788, 0.7438158392906189, 0.741751492023468, 0.747699499130249], "val_loss": [1.9309080839157104, 1.6622475385665894, 1.4181462526321411, 1.3408304452896118, 1.2316458225250244, 1.2123477458953857, 1.150399923324585, 1.1401041746139526, 1.1597152948379517, 1.1019760370254517, 1.1473400592803955, 1.1465022563934326, 1.0677294731140137, 1.081028938293457, 1.0944629907608032, 1.0933926105499268, 1.0487487316131592, 1.0133694410324097, 1.0270618200302124, 1.0231465101242065, 1.0319808721542358, 0.9897130131721497, 1.022689700126648, 0.9963043332099915, 1.009365439414978, 0.985057532787323, 1.0015640258789062, 1.0111831426620483, 0.9999083280563354, 0.9660119414329529, 0.9463529586791992, 0.94237220287323, 0.9429920315742493, 0.9465193748474121, 0.9508251547813416, 0.9480796456336975, 0.9501007199287415, 0.9512224793434143, 0.9525576829910278, 0.9520586729049683, 0.9514585733413696, 0.9585267305374146, 0.9599907994270325, 0.9571817517280579, 0.9619068503379822], "val_accuracy": [0.2335379421710968, 0.3663504421710968, 0.4567522406578064, 0.4818638265132904, 0.5198102593421936, 0.5362723469734192, 0.560546875, 0.5691964030265808, 0.5549665093421936, 0.5915178656578064, 0.5758928656578064, 0.560546875, 0.5934709906578064, 0.5909598469734192, 0.583984375, 0.6012834906578064, 0.6071428656578064, 0.6205357313156128, 0.6180245280265808, 0.615234375, 0.6135602593421936, 0.6305803656578064, 0.6252790093421936, 0.6395089030265808, 0.6316964030265808, 0.6422991156578064, 0.6395089030265808, 0.6294642686843872, 0.6395089030265808, 0.6573660969734192, 0.6635044813156128, 0.6632254719734192, 0.6637834906578064, 0.66015625, 0.6635044813156128, 0.6662946343421936, 0.6710379719734192, 0.6704798936843872, 0.6704798936843872, 0.6676897406578064, 0.6662946343421936, 0.6651785969734192, 0.6654576063156128, 0.6682477593421936, 0.6651785969734192]}